{"stats":{"minecraft:killed_by":{"man:managgresive":1},"minecraft:mined":{"minecraft:grass_block":11,"minecraft:oak_log":5,"minecraft:chest":1,"minecraft:dirt":3,"minecraft:oak_planks":1},"minecraft:crafted":{"minecraft:oak_planks":20,"minecraft:crafting_table":1},"minecraft:used":{"minecraft:dirt":12,"minecraft:oak_planks":3,"minecraft:wooden_shovel":3},"minecraft:picked_up":{"minecraft:oak_log":5,"minecraft:wooden_shovel":1,"minecraft:chest":1,"minecraft:oak_planks":1,"minecraft:dirt":12},"minecraft:custom":{"minecraft:time_since_rest":1536,"minecraft:open_chest":1,"minecraft:sprint_one_cm":13,"minecraft:crouch_one_cm":2411,"minecraft:walk_one_cm":2038,"minecraft:play_time":6556,"minecraft:damage_taken":225,"minecraft:deaths":1,"minecraft:sneak_time":774,"minecraft:jump":9,"minecraft:leave_game":3,"minecraft:time_since_death":1496,"minecraft:total_world_time":6602,"minecraft:fly_one_cm":107}},"DataVersion":3120}