{"stats":{"minecraft:killed_by":{"man:managgresive":1},"minecraft:mined":{"minecraft:grass_block":11,"minecraft:oak_log":5,"minecraft:chest":1,"minecraft:dirt":3,"minecraft:oak_planks":1},"minecraft:crafted":{"minecraft:oak_planks":20,"minecraft:crafting_table":1},"minecraft:used":{"minecraft:dirt":12,"minecraft:oak_planks":3,"minecraft:wooden_shovel":3},"minecraft:picked_up":{"minecraft:oak_log":5,"minecraft:wooden_shovel":2,"minecraft:chest":1,"minecraft:oak_planks":1,"minecraft:dirt":12},"minecraft:custom":{"minecraft:time_since_rest":1611,"minecraft:open_chest":1,"minecraft:deaths":2,"minecraft:crouch_one_cm":3692,"minecraft:play_time":19114,"minecraft:sprint_one_cm":2200,"minecraft:damage_taken":475,"minecraft:walk_one_cm":14045,"minecraft:sneak_time":1442,"minecraft:jump":27,"minecraft:damage_dealt":30,"minecraft:leave_game":7,"minecraft:time_since_death":1447,"minecraft:total_world_time":19160,"minecraft:fly_one_cm":1729}},"DataVersion":3120}